<?xml version="1.0" encoding="utf-8"?>
<ApplicationInstallerManifest>
   <DefaultInstallationDirectory>/Applications/minisPy/</DefaultInstallationDirectory>
   <ApplicationName>minisPy</ApplicationName>
   <ExecutableName>application/ </ExecutableName>
   <GUID>6345e6ef-3e14-4cba-bcff-76a53ae1f0d3</GUID>
   <ApplicationIcon>icon_48.png</ApplicationIcon>
   <Logo>logo120181185366744771.tmp</Logo>
   <Version>1.0</Version>
   <InstallationNotes>In the following directions, replace MR/v912 by the directory on the target machine where MATLAB is installed, or MR by the directory where the MATLAB Runtime is installed.

If the environment variable DYLD_LIBRARY_PATH is undefined, set it to the following string:

MR/v912/runtime/maci64:MR/v912/sys/os/maci64:MR/v912/bin/maci64

If it is defined, set it to the following:

${DYLD_LIBRARY_PATH}:MR/v912/runtime/maci64:MR/v912/sys/os/maci64:MR/v912/bin/maci64

You must have Python 2.7, 3.8, and/or 3.9 on your machine to install this package. Go to the directory containing your package and the file setup.py and execute:

        python setup.py install [options]

For details, see GettingStarted.html, distributed with this package, or the official Python documentation at:

        https://docs.python.org/2/install/index.html
</InstallationNotes>
   <AuthorOrganization>Martynas Dervinis</AuthorOrganization>
   <Summary>minis software for electrophysiological data analysis</Summary>
   <WelcomePanelText>minisPy 1.0
minis software for electrophysiological data analysis

Detect and analyse postsynaptic potetnials/currents in whole-cell patch clamp recordings.
Estimate quantal size in the central synapse.

Martynas Dervinis
martynas.dervinis@gmail.com</WelcomePanelText>
   <MCRProducts>
      <MCRProduct>
         <ExternalProductIdentifier>35000</ExternalProductIdentifier>
      </MCRProduct>
      <MCRProduct>
         <ExternalProductIdentifier>35003</ExternalProductIdentifier>
      </MCRProduct>
      <MCRProduct>
         <ExternalProductIdentifier>35010</ExternalProductIdentifier>
      </MCRProduct>
      <MCRProduct>
         <ExternalProductIdentifier>35055</ExternalProductIdentifier>
      </MCRProduct>
      <MCRProduct>
         <ExternalProductIdentifier>35106</ExternalProductIdentifier>
      </MCRProduct>
      <MCRProduct>
         <ExternalProductIdentifier>35108</ExternalProductIdentifier>
      </MCRProduct>
      <MCRProduct>
         <ExternalProductIdentifier>35119</ExternalProductIdentifier>
      </MCRProduct>
      <MCRProduct>
         <ExternalProductIdentifier>35160</ExternalProductIdentifier>
      </MCRProduct>
      <MCRProduct>
         <ExternalProductIdentifier>35180</ExternalProductIdentifier>
      </MCRProduct>
      <MCRProduct>
         <ExternalProductIdentifier>35190</ExternalProductIdentifier>
      </MCRProduct>
   </MCRProducts>
</ApplicationInstallerManifest>